[
  {
    "Name": "Bosses",
    "Names": [
      "Big Pipe",
      "Birdeye",
      "(BTR)",
      "Glukhar",
      "Kaban",
      "Killa",
      "Knight",
      "Kollontay",
      "Raider",
      "Renegade",
      "Reshala",
      "Sanitar",
      "Shturman",
      "Tagilla",
      "Zhrets",
      "Zryachiy"
    ],
    "PlayerType": 7
  },
  {
    "Name": "Cultists",
    "Names": [
      "Sektant"
    ],
    "PlayerType": 17
  },
  {
    "Name": "Followers of Morana",
    "Names": [
      "Baba Yaga",
      "Buran",
      "Domovoy",
      "Gamayun",
      "Gololed",
      "Gorynych",
      "Hladnik",
      "Hladovit",
      "Holodec",
      "Holodryg",
      "Holodun",
      "Ineevik",
      "Ineyko",
      "Ineynik",
      "Karachun",
      "Kikimora",
      "Koleda",
      "Koschey",
      "Kupala",
      "Ledolom",
      "Ledorez",
      "Ledovik",
      "Ledyanik",
      "Ledyanoy",
      "Liho",
      "Merzlotnik",
      "Metelnik",
      "Mor",
      "Morozec",
      "Morozina",
      "Morozko",
      "Moroznik",
      "Mraznik",
      "Obmoroz",
      "Poloz",
      "Poludnik",
      "Serebryak",
      "Severyanin",
      "Sirin",
      "Skvoznyak",
      "Snegobur",
      "Snegoed",
      "Snegohod",
      "Snegovey",
      "Snegovik",
      "Snezhin",
      "Sosulnik",
      "Striga",
      "Studen",
      "Stuzhaylo",
      "Stuzhevik",
      "Sugrobnik",
      "Sugrobus",
      "Talasum",
      "Tryasovica",
      "Tuchevik",
      "Uraganische",
      "Vetrenik",
      "Vetrozloy",
      "Vihrevoy",
      "Viy",
      "Vodyanoy",
      "Vyugar",
      "Vyugovik",
      "Zimar",
      "Zimnik",
      "Zimobor",
      "Zimogor",
      "Zimorod",
      "Zimovey",
      "Zlomraz",
      "Zloveschun"
    ],
    "PlayerType": 16
  },
  {
    "Name": "Glukhar Followers",
    "Names": [
      "Afganec",
      "Alfons",
      "Assa",
      "Baks",
      "Banschik",
      "Barguzin",
      "Basmach",
      "Batya",
      "Belyy",
      "Bob",
      "Borec",
      "Byk",
      "BZT",
      "Chelovek",
      "Chempion",
      "Dnevalnyy",
      "Drossel",
      "Dum",
      "Gepe",
      "Gorbatyy",
      "Grustnyy",
      "Irlandec",
      "Kadrovik",
      "Karabin",
      "Karaul",
      "Kastet",
      "Katok",
      "Kocherga",
      "Kosoy",
      "Krot",
      "Kuling",
      "Kumulyativ",
      "Kuzya",
      "Letyoha",
      "Lis",
      "Lysyy",
      "Lyutyy",
      "Maga",
      "Matros",
      "Mihalych",
      "Mysh",
      "Nakat",
      "Oficer",
      "Oreh",
      "Osechka",
      "Otbityy",
      "Patron",
      "Pluton",
      "Radar",
      "Rayan",
      "Rembo",
      "Ryaha",
      "Salobon",
      "Sapog",
      "Sekach",
      "Seryy",
      "Serzhant",
      "Shapka",
      "Shustryy",
      "Sibiryak",
      "Signal",
      "Sobr",
      "Specnaz",
      "Strelok",
      "Stvol",
      "Svinec",
      "Sych",
      "Tankist",
      "Tihohod",
      "Toropyga",
      "Trubochist",
      "Utyug",
      "Valet",
      "Vegan",
      "Veteran",
      "Vityok",
      "Voron",
      "Zampolit",
      "Zarya",
      "Zh-12",
      "Zhirnyy",
      "Zimniy"
    ],
    "PlayerType": 15
  },
  {
    "Name": "Kaban Guards",
    "Names": [
      "Baklazhan",
      "Banovyy",
      "Barmaley",
      "Bazil",
      "Begezhan",
      "Belyash",
      "Bibop",
      "Borzyy",
      "Cheburek",
      "Dihlofos",
      "Dunya",
      "Filya",
      "Flamberg",
      "Flint",
      "Giyom",
      "Gladius",
      "Gromila",
      "Hoptod",
      "Hvost",
      "Kant",
      "Karas",
      "Karman",
      "Kartezhnik",
      "Katorzhnik",
      "Kleymor",
      "Kolt",
      "Kompot",
      "Kopchenyy",
      "Kudeyar",
      "Lupa",
      "Mauzer",
      "Mazevyy",
      "Medoed",
      "Miposhka",
      "Moshennik",
      "Moydodyr",
      "Myakish",
      "Paromchik",
      "Pashtet",
      "Poker",
      "Pupa",
      "Rezanyy",
      "Shtempel",
      "Sifon",
      "Sohatyy",
      "Supermen",
      "Tulup",
      "Valeryanovich",
      "Valter",
      "Varan",
      "Venik"
    ],
    "PlayerType": 14
  },
  {
    "Name": "Kollontay Guards",
    "Names": [
      "Arsenal",
      "Basyak",
      "Begemotik",
      "Dezhurka",
      "Furazhka",
      "Gibbon",
      "Glavdur",
      "Kozyrek",
      "Kucha",
      "Mayor",
      "Nikolay",
      "Omon",
      "Peps",
      "Slonolyub",
      "Sluzhebka",
      "Starley",
      "Starshiy",
      "Tatyanka",
      "Uchik",
      "Vasya",
      "Visyak",
      "Vasya Desantnik"
    ],
    "PlayerType": 14
  },
  {
    "Name": "Reshala Guards",
    "Names": [
      "Anton Zavodskoy",
      "Damirka Zavodskoy",
      "Filya Zavodskoy",
      "Gena Zavodskoy",
      "Grisha Zavodskoy",
      "Koljan Zavodskoy",
      "Kolyan Zavodskoy",
      "Kuling Zavodskoy",
      "Lesha Zavodskoy",
      "Nikita Zavodskoy",
      "Sanja Zavodskoy",
      "Sanya Zavodskoy",
      "Shtopor Zavodskoy",
      "Skif Zavodskoy",
      "Stas Zavodskoy",
      "Toha Zavodskoy",
      "Torpeda Zavodskoy",
      "Vasja Zavodskoy",
      "Vasya Zavodskoy",
      "Vitek Zavodskoy",
      "Zhora Zavodskoy"
    ],
    "PlayerType": 14
  },
  {
    "Name": "Rogues",
    "Names": [
      "Afraid",
      "Aimbotkin",
      "Andresto",
      "Applejuice",
      "Arizona",
      "Auron",
      "Badboy",
      "Baddie",
      "Beard",
      "Beverly",
      "Bison",
      "Blackbird",
      "Blade",
      "Blakemore",
      "Boatswain",
      "Boogerman",
      "Brockley",
      "Browski",
      "Bullet",
      "Bunny",
      "Butcher",
      "Chester",
      "Churchill",
      "Cliffhanger",
      "Condor",
      "Cook",
      "Corsair",
      "Cougar",
      "Coyote",
      "Crooked",
      "Cross",
      "Dakota",
      "Dawg",
      "Deceit",
      "Denver",
      "Diggi",
      "Donutop",
      "Duke",
      "Dustin",
      "Enzo",
      "Esquilo",
      "Father",
      "Firion",
      "Floridaman",
      "Foxy",
      "Frenzy",
      "Garandthumb",
      "Goat",
      "Golden",
      "Grandpa",
      "Greyzone",
      "Grim",
      "Grommet",
      "Gunporn",
      "Handsome",
      "Haunted",
      "Hellshrimp",
      "Honorable",
      "Hypno",
      "Instructor",
      "Iowa",
      "Ironfists",
      "James",
      "Jeff",
      "Jersey",
      "John",
      "Juggernaut",
      "Justkilo",
      "Kanzas",
      "Kentucky",
      "Kry",
      "Lancaster",
      "Lee",
      "Legia",
      "Litton",
      "Lost",
      "Lunar",
      "Madknight",
      "Mamba",
      "Marooner",
      "Meldon",
      "Melo",
      "Michigan",
      "Mike",
      "Momma",
      "Mortal",
      "Nevada",
      "Nine-hole",
      "Noisy",
      "Nukem",
      "Ocean",
      "Oklahoma",
      "OneEye",
      "Oskar",
      "Panther",
      "Philbo",
      "Quebec",
      "Raccoon",
      "Rage",
      "Rambo",
      "Rassler",
      "Rib-eye",
      "Riot",
      "Rock",
      "Rocket",
      "Ronflex",
      "Ronny",
      "RoughDog",
      "Scar",
      "Scottsdale",
      "Seafarer",
      "Shadow",
      "SharkBait",
      "Sharkkiller",
      "Sherifu",
      "Sherman",
      "Shifty",
      "Slayer",
      "Sly",
      "Snake",
      "Sneaky",
      "Sniperlife",
      "Solem",
      "Solidus",
      "Spectator-6",
      "Spyke",
      "Stamper",
      "Striker",
      "Texas",
      "Three-Teeth",
      "Trent",
      "Trickster",
      "Triggerhappy",
      "Two-Finger",
      "Vicious",
      "Victor",
      "Voodoo",
      "Voss",
      "Wadley",
      "Walker",
      "Weasel",
      "Whale-Eye",
      "Whisky",
      "Whitemane",
      "Woodrow",
      "Wrath",
      "Zed",
      "Zero-zero"
    ],
    "PlayerType": 6
  },
  {
    "Name": "Sanitar Guards",
    "Names": [
      "Akusher",
      "Anesteziolog",
      "Dermatolog",
      "Farmacevt",
      "Feldsher",
      "Fiziolog",
      "Glavvrach",
      "Gomeopat",
      "Hirurg",
      "Immunolog",
      "Kardiolog",
      "Khirurg",
      "Laborant",
      "Lor",
      "Medbrat",
      "Medsestra",
      "Nevrolog",
      "Okulist",
      "Paracetamol",
      "Pilyulya",
      "Proktolog",
      "Propital",
      "Psihiatr",
      "Psikhiatr",
      "Revmatolog",
      "Scavvaf",
      "Shpric",
      "Stomatolog",
      "Terapevt",
      "Travmatolog",
      "Trupovoz",
      "Urolog",
      "Venerolog",
      "Zaveduyuschiy",
      "Zaveduyushchiy",
      "Zhgut"
    ],
    "PlayerType": 14
  },
  {
    "Name": "Scav Raiders",
    "Names": [
      "Akula",
      "BZT",
      "Balu",
      "Bankir",
      "Barrakuda",
      "Bars",
      "Berkut",
      "Bob",
      "Dikobraz",
      "Gadyuka",
      "Gepard",
      "Grif",
      "Grizzli",
      "Gyurza",
      "Irbis",
      "Jaguar",
      "Kalan",
      "Karakurt",
      "Kayman",
      "Kobra",
      "Kondor",
      "Krachun",
      "Krasnyy",
      "Krechet",
      "Leopard",
      "Lev",
      "Lis",
      "Loggerhed",
      "Lyutty",
      "Mangust",
      "Mantis",
      "Manul",
      "Medved",
      "Mogilnik",
      "Nosorog",
      "Orel",
      "Orlan",
      "Padalschik",
      "Padalshchik",
      "Pantera",
      "Pchel",
      "Piranya",
      "Piton",
      "Puma",
      "Rosomaha",
      "Rys",
      "Sapsan",
      "Sekach",
      "Shakal",
      "Skorpion",
      "Stervyatnik",
      "Tarantul",
      "Taypan",
      "Tigr",
      "Vepr",
      "Volk",
      "Yaguar",
      "Yastreb",
      "Zubr"
    ],
    "PlayerType": 5
  },
  {
    "Name": "Shturman Followers",
    "Names": [
      "Dimon Svetloozerskiy",
      "Enchik Svetloozerskiy",
      "Kachok Svetloozerskiy",
      "Krysa Svetloozerskiy",
      "Malchik Svetloozerskiy",
      "Marat Svetloozerskiy",
      "Mels Svetloozerskiy",
      "Motlya Svetloozerskiy",
      "Motyl Svetloozerskiy",
      "Pashok Svetloozerskiy",
      "Pljazhnik Svetloozerskiy",
      "Plyazhnik Svetloozerskiy",
      "Robinzon Svetloozerskiy",
      "Sanja Svetloozerskiy",
      "Sanya Svetloozerskiy",
      "Shmyga Svetloozerskiy",
      "Toha Svetloozerskiy",
      "Tokha Svetloozerskiy",
      "Ugryum Svetloozerskiy",
      "Vovan Svetloozerskiy",
      "Zhenya Svetloozerskiy"
    ],
    "PlayerType": 15
  }
]