{
  "Name": "Streamers",
  "Entries": [
    {
      "AccountID": "835112",
      "Tag": "lvndmark",
      "IsStreamer": true,
      "Platform": 0,
      "PlatformUsername": "lvndmark"
    },
    {
      "AccountID": "376689",
      "Tag": "summit1g",
      "IsStreamer": true,
      "Platform": 0,
      "PlatformUsername": "summit1g"
    },
    {
      "AccountID": "11387881",
      "Tag": "tigz",
      "IsStreamer": true,
      "Platform": 0,
      "PlatformUsername": "tigz"
    },
    {
      "AccountID": "165994",
      "Tag": "willerz",
      "IsStreamer": true,
      "Platform": 0,
      "PlatformUsername": "willerz"
    },
    {
      "AccountID": "1049972",
      "Tag": "hutchmf",
      "IsStreamer": true,
      "Platform": 0,
      "PlatformUsername": "hutchmf"
    },
    {
      "AccountID": "1090448",
      "Tag": "DrLupo",
      "IsStreamer": true,
      "Platform": 1,
      "PlatformUsername": "DrLupo"
    },
    {
      "AccountID": "2989797",
      "Tag": "viibiin",
      "IsStreamer": true,
      "Platform": 0,
      "PlatformUsername": "viibiin"
    },
    {
      "AccountID": "354136",
      "Tag": "klean",
      "IsStreamer": true,
      "Platform": 0,
      "PlatformUsername": "klean"
    },
    {
      "AccountID": "1717857",
      "Tag": "jessekazam",
      "IsStreamer": true,
      "Platform": 0,
      "PlatformUsername": "jessekazam"
    },
    {
      "AccountID": "1448970",
      "Tag": "glorious_e",
      "IsStreamer": true,
      "Platform": 0,
      "PlatformUsername": "glorious_e"
    },
    {
      "AccountID": "3391828",
      "Tag": "nyxia",
      "IsStreamer": true,
      "Platform": 0,
      "PlatformUsername": "nyxia"
    },
    {
      "AccountID": "2438239",
      "Tag": "xblazed",
      "IsStreamer": true,
      "Platform": 0,
      "PlatformUsername": "xblazed"
    },
    {
      "AccountID": "831617",
      "Tag": "velion",
      "IsStreamer": true,
      "Platform": 0,
      "PlatformUsername": "velion"
    },
    {
      "AccountID": "3526004",
      "Tag": "gingy",
      "IsStreamer": true,
      "Platform": 0,
      "PlatformUsername": "gingy"
    },
    {
      "AccountID": "4637816",
      "Tag": "trey24k",
      "IsStreamer": true,
      "Platform": 0,
      "PlatformUsername": "trey24k"
    },
    {
      "AccountID": "763945",
      "Tag": "aquafps",
      "IsStreamer": true,
      "Platform": 0,
      "PlatformUsername": "aquafps"
    },
    {
      "AccountID": "2111653",
      "Tag": "bakeezy",
      "IsStreamer": true,
      "Platform": 0,
      "PlatformUsername": "bakeezy"
    },
    {
      "AccountID": "1663669",
      "Tag": "desmondpilak",
      "IsStreamer": true,
      "Platform": 0,
      "PlatformUsername": "desmondpilak"
    },
    {
      "AccountID": "1153634",
      "Tag": "2thy",
      "IsStreamer": true,
      "Platform": 0,
      "PlatformUsername": "2thy"
    },
    {
      "AccountID": "2165308",
      "Tag": "smittystone",
      "IsStreamer": true,
      "Platform": 0,
      "PlatformUsername": "smittystone"
    },
    {
      "AccountID": "2095752",
      "Tag": "blueberrygabi",
      "IsStreamer": true,
      "Platform": 0,
      "PlatformUsername": "blueberrygabi"
    },
    {
      "AccountID": "3982736",
      "Tag": "gl40labsrat",
      "IsStreamer": true,
      "Platform": 0,
      "PlatformUsername": "gl40labsrat"
    },
    {
      "AccountID": "971133",
      "Tag": "rengawr",
      "IsStreamer": true,
      "Platform": 0,
      "PlatformUsername": "rengawr"
    },
    {
      "AccountID": "1080203",
      "Tag": "hyperrattv",
      "IsStreamer": true,
      "Platform": 0,
      "PlatformUsername": "hyperrattv"
    },
    {
      "AccountID": "1425172",
      "Tag": "axel_tv",
      "IsStreamer": true,
      "Platform": 0,
      "PlatformUsername": "axel_tv"
    },
    {
      "AccountID": "4897027",
      "Tag": "annemunition",
      "IsStreamer": true,
      "Platform": 0,
      "PlatformUsername": "annemunition"
    },
    {
      "AccountID": "9347828",
      "Tag": "honeyxxo",
      "IsStreamer": true,
      "Platform": 0,
      "PlatformUsername": "honeyxxo"
    },
    {
      "AccountID": "2058310",
      "Tag": "moman",
      "IsStreamer": true,
      "Platform": 0,
      "PlatformUsername": "moman"
    },
    {
      "AccountID": "5006226",
      "Tag": "cooldee__",
      "IsStreamer": true,
      "Platform": 0,
      "PlatformUsername": "cooldee__"
    },
    {
      "AccountID": "927745",
      "Tag": "goes",
      "IsStreamer": true,
      "Platform": 0,
      "PlatformUsername": "goes"
    },
    {
      "AccountID": "3424723",
      "Tag": "binoia",
      "IsStreamer": true,
      "Platform": 0,
      "PlatformUsername": "binoia"
    },
    {
      "AccountID": "4609337",
      "Tag": "ponch",
      "IsStreamer": true,
      "Platform": 0,
      "PlatformUsername": "ponch"
    },
    {
      "AccountID": "8484894",
      "Tag": "nogenerals",
      "IsStreamer": true,
      "Platform": 0,
      "PlatformUsername": "nogenerals"
    },
    {
      "AccountID": "4764608",
      "Tag": "tobytwofaced",
      "IsStreamer": true,
      "Platform": 0,
      "PlatformUsername": "tobytwofaced"
    },
    {
      "AccountID": "2043138",
      "Tag": "kkersanovtv",
      "IsStreamer": true,
      "Platform": 0,
      "PlatformUsername": "kkersanovtv"
    },
    {
      "AccountID": "2334119",
      "Tag": "jaybaybay",
      "IsStreamer": true,
      "Platform": 0,
      "PlatformUsername": "jaybaybay"
    },
    {
      "AccountID": "1942597",
      "Tag": "cwis0r",
      "IsStreamer": true,
      "Platform": 0,
      "PlatformUsername": "cwis0r"
    },
    {
      "AccountID": "1294950",
      "Tag": "wildez",
      "IsStreamer": true,
      "Platform": 0,
      "PlatformUsername": "wildez"
    },
    {
      "AccountID": "6541088",
      "Tag": "shoes",
      "IsStreamer": true,
      "Platform": 0,
      "PlatformUsername": "shoes"
    },
    {
      "AccountID": "3351793",
      "Tag": "nohelmetchad",
      "IsStreamer": true,
      "Platform": 0,
      "PlatformUsername": "nohelmetchad"
    },
    {
      "AccountID": "2250762",
      "Tag": "mismagpie",
      "IsStreamer": true,
      "Platform": 0,
      "PlatformUsername": "mismagpie"
    },
    {
      "AccountID": "654070",
      "Tag": "cryodrollic",
      "IsStreamer": true,
      "Platform": 0,
      "PlatformUsername": "cryodrollic"
    },
    {
      "AccountID": "5158172",
      "Tag": "undeadessence",
      "IsStreamer": true,
      "Platform": 0,
      "PlatformUsername": "undeadessence"
    },
    {
      "AccountID": "3928278",
      "Tag": "aims",
      "IsStreamer": true,
      "Platform": 0,
      "PlatformUsername": "aims"
    },
    {
      "AccountID": "9351502",
      "Tag": "burgaofps",
      "IsStreamer": true,
      "Platform": 0,
      "PlatformUsername": "burgaofps"
    },
    {
      "AccountID": "739353",
      "Tag": "knueppelpaste",
      "IsStreamer": true,
      "Platform": 0,
      "PlatformUsername": "knueppelpaste"
    },
    {
      "AccountID": "1312997",
      "Tag": "vonza",
      "IsStreamer": true,
      "Platform": 0,
      "PlatformUsername": "vonza"
    },
    {
      "AccountID": "4168016",
      "Tag": "endra",
      "IsStreamer": true,
      "Platform": 0,
      "PlatformUsername": "endra"
    },
    {
      "AccountID": "2739217",
      "Tag": "volayethor",
      "IsStreamer": true,
      "Platform": 0,
      "PlatformUsername": "volayethor"
    },
    {
      "AccountID": "2763053",
      "Tag": "mzdunk",
      "IsStreamer": true,
      "Platform": 0,
      "PlatformUsername": "mzdunk"
    },
    {
      "AccountID": "2329796",
      "Tag": "philbo",
      "IsStreamer": true,
      "Platform": 0,
      "PlatformUsername": "philbo"
    },
    {
      "AccountID": "3400742",
      "Tag": "fudgexl",
      "IsStreamer": true,
      "Platform": 0,
      "PlatformUsername": "fudgexl"
    },
    {
      "AccountID": "859833",
      "Tag": "baxbeast",
      "IsStreamer": true,
      "Platform": 0,
      "PlatformUsername": "baxbeast"
    },
    {
      "AccountID": "766970",
      "Tag": "genooo",
      "IsStreamer": true,
      "Platform": 0,
      "PlatformUsername": "genooo"
    },
    {
      "AccountID": "1758499",
      "Tag": "someman",
      "IsStreamer": true,
      "Platform": 0,
      "PlatformUsername": "someman"
    },
    {
      "AccountID": "2773520",
      "Tag": "skidohunter",
      "IsStreamer": true,
      "Platform": 0,
      "PlatformUsername": "skidohunter"
    },
    {
      "AccountID": "3569522",
      "Tag": "realkraftyy",
      "IsStreamer": true,
      "Platform": 0,
      "PlatformUsername": "realkraftyy"
    },
    {
      "AccountID": "2554678",
      "Tag": "rileyarmageddon",
      "IsStreamer": true,
      "Platform": 0,
      "PlatformUsername": "rileyarmageddon"
    },
    {
      "AccountID": "3998491",
      "Tag": "kongstyle101",
      "IsStreamer": true,
      "Platform": 0,
      "PlatformUsername": "kongstyle101"
    },
    {
      "AccountID": "1632126",
      "Tag": "wenotrat",
      "IsStreamer": true,
      "Platform": 0,
      "PlatformUsername": "wenotrat"
    },
    {
      "AccountID": "5550265",
      "Tag": "tomrander",
      "IsStreamer": true,
      "Platform": 0,
      "PlatformUsername": "tomrander"
    },
    {
      "AccountID": "790774",
      "Tag": "thepoolshark",
      "IsStreamer": true,
      "Platform": 0,
      "PlatformUsername": "thepoolshark"
    },
    {
      "AccountID": "2673247",
      "Tag": "shotsofvaca_",
      "IsStreamer": true,
      "Platform": 0,
      "PlatformUsername": "shotsofvaca_"
    },
    {
      "AccountID": "2991546",
      "Tag": "smol",
      "IsStreamer": true,
      "Platform": 0,
      "PlatformUsername": "smol"
    },
    {
      "AccountID": "11404544",
      "Tag": "suddenly_toast",
      "IsStreamer": true,
      "Platform": 0,
      "PlatformUsername": "suddenly_toast"
    },
    {
      "AccountID": "4825441",
      "Tag": "doubledstroyer",
      "IsStreamer": true,
      "Platform": 0,
      "PlatformUsername": "doubledstroyer"
    },
    {
      "AccountID": "2755056",
      "Tag": "valarman",
      "IsStreamer": true,
      "Platform": 0,
      "PlatformUsername": "valarman"
    },
    {
      "AccountID": "1481309",
      "Tag": "anton",
      "IsStreamer": true,
      "Platform": 0,
      "PlatformUsername": "anton"
    },
    {
      "AccountID": "5311265",
      "Tag": "vazquez66",
      "IsStreamer": true,
      "Platform": 0,
      "PlatformUsername": "vazquez66"
    },
    {
      "AccountID": "10799845",
      "Tag": "ashnue",
      "IsStreamer": true,
      "Platform": 0,
      "PlatformUsername": "ashnue"
    },
    {
      "AccountID": "7225268",
      "Tag": "crylixblooom",
      "IsStreamer": true,
      "Platform": 0,
      "PlatformUsername": "crylixblooom"
    },
    {
      "AccountID": "8336334",
      "Tag": "swirrrly",
      "IsStreamer": true,
      "Platform": 0,
      "PlatformUsername": "swirrrly"
    },
    {
      "AccountID": "1712951",
      "Tag": "mvze_",
      "IsStreamer": true,
      "Platform": 0,
      "PlatformUsername": "mvze_"
    },
    {
      "AccountID": "4194405",
      "Tag": "shwiftyfps",
      "IsStreamer": true,
      "Platform": 0,
      "PlatformUsername": "shwiftyfps"
    },
    {
      "AccountID": "885958",
      "Tag": "switch360tv",
      "IsStreamer": true,
      "Platform": 0,
      "PlatformUsername": "switch360tv"
    },
    {
      "AccountID": "6567825",
      "Tag": "strongeo",
      "IsStreamer": true,
      "Platform": 0,
      "PlatformUsername": "strongeo"
    },
    {
      "AccountID": "5711540",
      "Tag": "jewlee",
      "IsStreamer": true,
      "Platform": 0,
      "PlatformUsername": "jewlee"
    },
    {
      "AccountID": "926010",
      "Tag": "toastracktv",
      "IsStreamer": true,
      "Platform": 0,
      "PlatformUsername": "toastracktv"
    },
    {
      "AccountID": "2277116",
      "Tag": "imbobby__",
      "IsStreamer": true,
      "Platform": 0,
      "PlatformUsername": "imbobby__"
    },
    {
      "AccountID": "851122",
      "Tag": "cocaoo_",
      "IsStreamer": true,
      "Platform": 0,
      "PlatformUsername": "cocaoo_"
    },
    {
      "AccountID": "4034904",
      "Tag": "verybadscav",
      "IsStreamer": true,
      "Platform": 0,
      "PlatformUsername": "verybadscav"
    },
    {
      "AccountID": "1706161",
      "Tag": "furl3x",
      "IsStreamer": true,
      "Platform": 0,
      "PlatformUsername": "furl3x"
    },
    {
      "AccountID": "2031346",
      "Tag": "maza4kst",
      "IsStreamer": true,
      "Platform": 0,
      "PlatformUsername": "maza4kst"
    },
    {
      "AccountID": "39632",
      "Tag": "jimpanse",
      "IsStreamer": true,
      "Platform": 0,
      "PlatformUsername": "jimpanse"
    },
    {
      "AccountID": "3042051",
      "Tag": "wardell",
      "IsStreamer": true,
      "Platform": 0,
      "PlatformUsername": "wardell"
    },
    {
      "AccountID": "2207216",
      "Tag": "logicalsolutions",
      "IsStreamer": true,
      "Platform": 0,
      "PlatformUsername": "logicalsolutions"
    },
    {
      "AccountID": "3515629",
      "Tag": "daskicosin",
      "IsStreamer": true,
      "Platform": 0,
      "PlatformUsername": "daskicosin"
    },
    {
      "AccountID": "10480940",
      "Tag": "chi_chaan",
      "IsStreamer": true,
      "Platform": 0,
      "PlatformUsername": "chi_chaan"
    },
    {
      "AccountID": "2971732",
      "Tag": "myst1s",
      "IsStreamer": true,
      "Platform": 0,
      "PlatformUsername": "myst1s"
    },
    {
      "AccountID": "2592389",
      "Tag": "pixel8_ttv",
      "IsStreamer": true,
      "Platform": 0,
      "PlatformUsername": "pixel8_ttv"
    },
    {
      "AccountID": "1827749",
      "Tag": "applebr1nger",
      "IsStreamer": true,
      "Platform": 0,
      "PlatformUsername": "applebr1nger"
    },
    {
      "AccountID": "6170674",
      "Tag": "wo1f_gg",
      "IsStreamer": true,
      "Platform": 0,
      "PlatformUsername": "wo1f_gg"
    },
    {
      "AccountID": "4544185",
      "Tag": "impatiya",
      "IsStreamer": true,
      "Platform": 0,
      "PlatformUsername": "impatiya"
    },
    {
      "AccountID": "1126512",
      "Tag": "torkie",
      "IsStreamer": true,
      "Platform": 0,
      "PlatformUsername": "torkie"
    },
    {
      "AccountID": "5602537",
      "Tag": "schmidttyb",
      "IsStreamer": true,
      "Platform": 0,
      "PlatformUsername": "schmidttyb"
    },
    {
      "AccountID": "3330252",
      "Tag": "blinge1",
      "IsStreamer": true,
      "Platform": 0,
      "PlatformUsername": "blinge1"
    },
    {
      "AccountID": "1526877",
      "Tag": "trentau",
      "IsStreamer": true,
      "Platform": 0,
      "PlatformUsername": "trentau"
    },
    {
      "AccountID": "7706088",
      "Tag": "gilltex",
      "IsStreamer": true,
      "Platform": 0,
      "PlatformUsername": "gilltex"
    },
    {
      "AccountID": "3581557",
      "Tag": "tqmo__",
      "IsStreamer": true,
      "Platform": 0,
      "PlatformUsername": "tqmo__"
    },
    {
      "AccountID": "1161451",
      "Tag": "gerysenior",
      "IsStreamer": true,
      "Platform": 0,
      "PlatformUsername": "gerysenior"
    },
    {
      "AccountID": "1002256",
      "Tag": "wondows",
      "IsStreamer": true,
      "Platform": 0,
      "PlatformUsername": "wondows"
    },
    {
      "AccountID": "922156",
      "Tag": "hadess31",
      "IsStreamer": true,
      "Platform": 0,
      "PlatformUsername": "hadess31"
    },
    {
      "AccountID": "7674224",
      "Tag": "cujoman",
      "IsStreamer": true,
      "Platform": 0,
      "PlatformUsername": "cujoman"
    },
    {
      "AccountID": "11468155",
      "Tag": "butecodofranco",
      "IsStreamer": true,
      "Platform": 0,
      "PlatformUsername": "butecodofranco"
    },
    {
      "AccountID": "11013668",
      "Tag": "joeliain2310",
      "IsStreamer": true,
      "Platform": 0,
      "PlatformUsername": "joeliain2310"
    },
    {
      "AccountID": "11118058",
      "Tag": "moonshinefps",
      "IsStreamer": true,
      "Platform": 0,
      "PlatformUsername": "moonshinefps"
    },
    {
      "AccountID": "8115752",
      "Tag": "renalakec",
      "IsStreamer": true,
      "Platform": 0,
      "PlatformUsername": "renalakec"
    },
    {
      "AccountID": "3118179",
      "Tag": "soultura86",
      "IsStreamer": true,
      "Platform": 0,
      "PlatformUsername": "soultura86"
    },
    {
      "AccountID": "7085963",
      "Tag": "notoriouspdx",
      "IsStreamer": true,
      "Platform": 0,
      "PlatformUsername": "notoriouspdx"
    },
    {
      "AccountID": "10959843",
      "Tag": "ry784",
      "IsStreamer": true,
      "Platform": 0,
      "PlatformUsername": "ry784"
    },
    {
      "AccountID": "3047477",
      "Tag": "strngerping",
      "IsStreamer": true,
      "Platform": 0,
      "PlatformUsername": "strngerping"
    },
    {
      "AccountID": "5646257",
      "Tag": "mushamaru_",
      "IsStreamer": true,
      "Platform": 0,
      "PlatformUsername": "mushamaru_"
    },
    {
      "AccountID": "3539914",
      "Tag": "rguardian",
      "IsStreamer": true,
      "Platform": 0,
      "PlatformUsername": "rguardian"
    },
    {
      "AccountID": "9827614",
      "Tag": "codex011",
      "IsStreamer": true,
      "Platform": 0,
      "PlatformUsername": "codex011"
    },
    {
      "AccountID": "5463289",
      "Tag": "wabrat",
      "IsStreamer": true,
      "Platform": 0,
      "PlatformUsername": "wabrat"
    },
    {
      "AccountID": "7104272",
      "Tag": "fiathegemini",
      "IsStreamer": true,
      "Platform": 0,
      "PlatformUsername": "fiathegemini"
    },
    {
      "AccountID": "839191",
      "Tag": "notechniquetv",
      "IsStreamer": true,
      "Platform": 0,
      "PlatformUsername": "notechniquetv"
    },
    {
      "AccountID": "5051655",
      "Tag": "dkaye23",
      "IsStreamer": true,
      "Platform": 0,
      "PlatformUsername": "dkaye23"
    },
    {
      "AccountID": "8788838",
      "Tag": "mrbubblyttv",
      "IsStreamer": true,
      "Platform": 0,
      "PlatformUsername": "mrbubblyttv"
    },
    {
      "AccountID": "2799174",
      "Tag": "sweetyboom",
      "IsStreamer": true,
      "Platform": 0,
      "PlatformUsername": "sweetyboom"
    },
    {
      "AccountID": "5308968",
      "Tag": "oggyshoggy",
      "IsStreamer": true,
      "Platform": 0,
      "PlatformUsername": "oggyshoggy"
    },
    {
      "AccountID": "427222",
      "Tag": "steeyo",
      "IsStreamer": true,
      "Platform": 0,
      "PlatformUsername": "steeyo"
    },
    {
      "AccountID": "364768",
      "Tag": "hayz",
      "IsStreamer": true,
      "Platform": 0,
      "PlatformUsername": "hayz"
    },
    {
      "AccountID": "4411189",
      "Tag": "hayz",
      "IsStreamer": true,
      "Platform": 0,
      "PlatformUsername": "hayz"
    },
    {
      "AccountID": "5353635",
      "Tag": "stankrat",
      "IsStreamer": true,
      "Platform": 0,
      "PlatformUsername": "stankrat"
    },
    {
      "AccountID": "2614961",
      "Tag": "oberst0m",
      "IsStreamer": true,
      "Platform": 0,
      "PlatformUsername": "oberst0m"
    },
    {
      "AccountID": "6815534",
      "Tag": "thatfriendlyguy",
      "IsStreamer": true,
      "Platform": 0,
      "PlatformUsername": "thatfriendlyguy"
    },
    {
      "AccountID": "3441806",
      "Tag": "JohnBBeta",
      "IsStreamer": true,
      "Platform": 0,
      "PlatformUsername": "JohnBBeta"
    },
    {
      "AccountID": "3285221",
      "Tag": "Siisco_ttv",
      "IsStreamer": true,
      "Platform": 0,
      "PlatformUsername": "Siisco_ttv"
    },
    {
      "AccountID": "2238335",
      "Tag": "zchum",
      "IsStreamer": true,
      "Platform": 0,
      "PlatformUsername": "zchum"
    },
    {
      "AccountID": "8016990",
      "Tag": "mistofhazmat",
      "IsStreamer": true,
      "Platform": 0,
      "PlatformUsername": "mistofhazmat"
    },
    {
      "AccountID": "858816",
      "Tag": "hipperpyah",
      "IsStreamer": true,
      "Platform": 0,
      "PlatformUsername": "hipperpyah"
    },
    {
      "AccountID": "380648",
      "Tag": "sektenspinner",
      "IsStreamer": true,
      "Platform": 0,
      "PlatformUsername": "sektenspinner"
    },
    {
      "AccountID": "408825",
      "Tag": "bubbinger",
      "IsStreamer": true,
      "Platform": 0,
      "PlatformUsername": "bubbinger"
    },
    {
      "AccountID": "2215415",
      "Tag": "raggelton",
      "IsStreamer": true,
      "Platform": 0,
      "PlatformUsername": "raggelton"
    },
    {
      "AccountID": "2693789",
      "Tag": "zcritic",
      "IsStreamer": true,
      "Platform": 0,
      "PlatformUsername": "zcritic"
    },
    {
      "AccountID": "9283718",
      "Tag": "triple_g",
      "IsStreamer": true,
      "Platform": 0,
      "PlatformUsername": "triple_g"
    },
    {
      "AccountID": "546813",
      "Tag": "pepp",
      "IsStreamer": true,
      "Platform": 0,
      "PlatformUsername": "pepp"
    },
    {
      "AccountID": "4432653",
      "Tag": "hexloom",
      "IsStreamer": true,
      "Platform": 0,
      "PlatformUsername": "hexloom"
    },
    {
      "AccountID": "9826933",
      "Tag": "satsuki_hotaru",
      "IsStreamer": true,
      "Platform": 0,
      "PlatformUsername": "satsuki_hotaru"
    },
    {
      "AccountID": "2699481",
      "Tag": "headleyy",
      "IsStreamer": true,
      "Platform": 0,
      "PlatformUsername": "headleyy"
    },
    {
      "AccountID": "2366827",
      "Tag": "thomaspaste",
      "IsStreamer": true,
      "Platform": 0,
      "PlatformUsername": "thomaspaste"
    },
    {
      "AccountID": "1699605",
      "Tag": "taxfree_",
      "IsStreamer": true,
      "Platform": 0,
      "PlatformUsername": "taxfree_"
    },
    {
      "AccountID": "2536192",
      "Tag": "Airwingmarine",
      "IsStreamer": true,
      "Platform": 1,
      "PlatformUsername": "Airwingmarine"
    },
    {
      "AccountID": "5378845",
      "Tag": "thepridge",
      "IsStreamer": true,
      "Platform": 0,
      "PlatformUsername": "thepridge"
    },
    {
      "AccountID": "7160589",
      "Tag": "ItsLeonieTTV",
      "IsStreamer": true,
      "Platform": 0,
      "PlatformUsername": "ItsLeonieTTV"
    },
    {
      "AccountID": "2525205",
      "Tag": "SirFrederickTV",
      "IsStreamer": true,
      "Platform": 0,
      "PlatformUsername": "SirFrederickTV"
    }
  ]
}